Partikode,Side,År,Variabel,enkel,kontrollert,andel_forklart_av_andre
A,Venstresida,2015,Inntekt,-6.0839131899782124e-5,-2.787059185271839e-5,0.54
A,Venstresida,2019,Inntekt,-3.9115301535755736e-5,-1.6473733179651932e-5,0.58
A,Venstresida,2021,Inntekt,-1.7772247434578305e-5,-8.941059983305017e-6,0.5
A,Venstresida,2023,Inntekt,-2.2045633220714158e-5,-1.249074913144213e-5,0.43
A,Venstresida,2025,Inntekt,-1.578604438537935e-5,-1.600263841938661e-5,-0.01
FRP,Høyresida,2015,Inntekt,-2.5425076015394407e-6,2.9021100966873807e-6,2.14
FRP,Høyresida,2019,Inntekt,4.5742359176412153e-7,5.129151723189374e-6,-10.21
FRP,Høyresida,2021,Inntekt,9.620352034846961e-7,2.8276063391812045e-6,-1.94
FRP,Høyresida,2023,Inntekt,1.2343719103401667e-6,4.010401721919916e-6,-2.25
FRP,Høyresida,2025,Inntekt,5.353054384021475e-6,7.917865659339796e-6,-0.48
H,Høyresida,2015,Inntekt,7.922757962059313e-5,7.54367946251448e-5,0.05
H,Høyresida,2019,Inntekt,7.618129099028598e-5,7.658017313454614e-5,-0.01
H,Høyresida,2021,Inntekt,3.274577971843771e-5,2.7734729205162906e-5,0.15
H,Høyresida,2023,Inntekt,4.484878625223591e-5,4.1178668309053e-5,0.08
H,Høyresida,2025,Inntekt,3.516849565751281e-5,3.098363736773331e-5,0.12
KRF,Høyresida,2015,Inntekt,-1.6071922221914834e-7,-1.6169634509279006e-6,-9.06
KRF,Høyresida,2019,Inntekt,-2.8392814665882474e-7,-3.7335869378711085e-7,-0.31
KRF,Høyresida,2021,Inntekt,-3.8771031914525526e-7,-1.6239012541352944e-7,0.58
KRF,Høyresida,2023,Inntekt,-4.3399625857563695e-7,1.7791516119622624e-7,1.41
KRF,Høyresida,2025,Inntekt,4.341926746929837e-7,7.607633550166406e-7,-0.75
MDG,Venstresida,2015,Inntekt,-2.850996325453244e-6,-1.4446300888457935e-5,-4.07
MDG,Venstresida,2019,Inntekt,9.750097968419573e-8,-2.7140356014234732e-5,279.36
MDG,Venstresida,2021,Inntekt,-2.006913744234991e-7,-5.597089292288524e-6,-26.89
MDG,Venstresida,2023,Inntekt,-2.728170228845966e-6,-1.2130922256083758e-5,-3.45
MDG,Venstresida,2025,Inntekt,-6.405409189752245e-7,-1.2456737646286742e-5,-18.45
RØDT,Venstresida,2015,Inntekt,-8.975195572125726e-6,-1.336477755836274e-5,-0.49
RØDT,Venstresida,2019,Inntekt,-1.3357846347965412e-5,-1.482954779978796e-5,-0.11
RØDT,Venstresida,2021,Inntekt,-8.746704389606673e-6,-7.096510146518578e-6,0.19
RØDT,Venstresida,2023,Inntekt,-8.439231522320795e-6,-6.352217286342251e-6,0.25
RØDT,Venstresida,2025,Inntekt,-1.1064235011651552e-5,-7.964235325997157e-6,0.28
SP,Venstresida,2015,Inntekt,-8.455458058283697e-7,-5.915859666219135e-7,0.3
SP,Venstresida,2019,Inntekt,-2.2180430078096784e-6,-2.4587129948915142e-6,-0.11
SP,Venstresida,2021,Inntekt,-2.8190076477041045e-6,-7.88129896104345e-7,0.72
SP,Venstresida,2023,Inntekt,-1.6974815115266364e-6,-3.5676586414316007e-7,0.79
SP,Venstresida,2025,Inntekt,-7.180773058472498e-7,-5.204289487689402e-7,0.28
SV,Venstresida,2015,Inntekt,-7.703688988182166e-6,-1.4122856103703365e-5,-0.83
SV,Venstresida,2019,Inntekt,-1.1890336319617727e-5,-2.1679795494050664e-5,-0.82
SV,Venstresida,2021,Inntekt,-1.1037666479388357e-5,-1.0483911648662086e-5,0.05
SV,Venstresida,2023,Inntekt,-1.1272770607610356e-5,-1.2986543695146166e-5,-0.15
SV,Venstresida,2025,Inntekt,-2.2374302108701275e-5,-8.608867783673346e-6,0.62
V,Høyresida,2015,Inntekt,6.8802800602902385e-6,-4.720303936814403e-6,1.69
V,Høyresida,2019,Inntekt,1.0765885120845678e-5,2.5200197348954254e-6,0.77
V,Høyresida,2021,Inntekt,9.404788046689141e-6,2.4409941567543823e-6,0.74
V,Høyresida,2023,Inntekt,9.10808227144052e-6,-6.274098670509276e-8,1.01
V,Høyresida,2025,Inntekt,1.1825049220698046e-5,6.315074836098609e-6,0.47
A,Venstresida,2015,Innvandrerandel,0.7216445985987819,0.12807538124814516,0.82
A,Venstresida,2019,Innvandrerandel,0.4233502498381801,0.06745449604776202,0.84
A,Venstresida,2021,Innvandrerandel,0.33344965744859034,-0.029417632351229524,1.09
A,Venstresida,2023,Innvandrerandel,0.3110042457032608,0.014704877105585809,0.95
A,Venstresida,2025,Innvandrerandel,0.1500206056974049,-0.17007516843636739,2.13
FRP,Høyresida,2015,Innvandrerandel,0.04540355453102159,-0.05550639791200141,2.22
FRP,Høyresida,2019,Innvandrerandel,0.017974307403695964,-0.06345128594617797,4.53
FRP,Høyresida,2021,Innvandrerandel,0.007912172391721237,-0.10779718702010731,14.62
FRP,Høyresida,2023,Innvandrerandel,0.01384156989820229,-0.07663904638685114,6.54
FRP,Høyresida,2025,Innvandrerandel,-0.030363138422088206,-0.055594470232501976,-0.83
H,Høyresida,2015,Innvandrerandel,-0.6714013406404888,-0.14181912271156089,0.79
H,Høyresida,2019,Innvandrerandel,-0.5629273560301914,-0.06982413832107841,0.88
H,Høyresida,2021,Innvandrerandel,-0.46250258980415804,-0.22192524203139133,0.52
H,Høyresida,2023,Innvandrerandel,-0.46961690786197696,-0.17908067809257217,0.62
H,Høyresida,2025,Innvandrerandel,-0.401323010738634,-0.11863965139172913,0.7
KRF,Høyresida,2015,Innvandrerandel,-0.015880729341045344,-0.03683052007728331,-1.32
KRF,Høyresida,2019,Innvandrerandel,-5.726995651014499e-4,-0.02440884723487533,-41.62
KRF,Høyresida,2021,Innvandrerandel,0.006206852797830954,-0.015303590454660355,3.47
KRF,Høyresida,2023,Innvandrerandel,0.009834878462041133,-0.013707127701269443,2.39
KRF,Høyresida,2025,Innvandrerandel,-0.0018251058558061437,-0.015275311964595641,-7.37
MDG,Venstresida,2015,Innvandrerandel,-0.04979958808691149,0.03011940775922891,1.6
MDG,Venstresida,2019,Innvandrerandel,-0.15476726587496514,0.03163326249439621,1.2
MDG,Venstresida,2021,Innvandrerandel,-0.08235468851975977,0.02426876619705533,1.29
MDG,Venstresida,2023,Innvandrerandel,-0.07422441306699436,0.053783997810567766,1.72
MDG,Venstresida,2025,Innvandrerandel,-0.12126761694839464,-0.056061437696895075,0.54
RØDT,Venstresida,2015,Innvandrerandel,0.052815281129345214,0.0621783107851925,-0.18
RØDT,Venstresida,2019,Innvandrerandel,0.09412773051698804,0.05205930942846102,0.45
RØDT,Venstresida,2021,Innvandrerandel,0.13777929888796908,0.14387875589631433,-0.04
RØDT,Venstresida,2023,Innvandrerandel,0.10761706210626328,0.09204870717775647,0.14
RØDT,Venstresida,2025,Innvandrerandel,0.14885088855553993,0.11987080561218318,0.19
SP,Venstresida,2015,Innvandrerandel,0.009318335480548107,0.005110104244265382,0.45
SP,Venstresida,2019,Innvandrerandel,0.012966285124928598,-0.021955824917715614,2.69
SP,Venstresida,2021,Innvandrerandel,0.06233343168887675,-0.011446579929107083,1.18
SP,Venstresida,2023,Innvandrerandel,0.03151520197898684,0.014928978921870163,0.53
SP,Venstresida,2025,Innvandrerandel,0.008985519198561671,-0.005654495616285181,1.63
SV,Venstresida,2015,Innvandrerandel,0.019572713801019548,0.013605874461209826,0.3
SV,Venstresida,2019,Innvandrerandel,0.02968603512016418,-0.013825638590334026,1.47
SV,Venstresida,2021,Innvandrerandel,0.1470919691152901,0.16247037291777203,-0.1
SV,Venstresida,2023,Innvandrerandel,0.0896750364453556,0.05360002457197586,0.4
SV,Venstresida,2025,Innvandrerandel,0.38038478354443617,0.27240243753797233,0.28
V,Høyresida,2015,Innvandrerandel,-0.13406198843874262,-0.01187346275981014,0.91
V,Høyresida,2019,Innvandrerandel,-0.12531232063937278,0.013405029693684378,1.11
V,Høyresida,2021,Innvandrerandel,-0.2111775265802233,0.03656068954977114,1.17
V,Høyresida,2023,Innvandrerandel,-0.18535112449476865,0.0010573241698359325,1.01
V,Høyresida,2025,Innvandrerandel,-0.17510099890036315,0.01975082510120395,1.11
A,Venstresida,2015,Utdanning,-0.8707427018530178,-0.5459298288769703,0.37
A,Venstresida,2019,Utdanning,-0.5249137218185427,-0.336475930022804,0.36
A,Venstresida,2021,Utdanning,-0.46055537208271574,-0.38181613729789804,0.17
A,Venstresida,2023,Utdanning,-0.40766287077149144,-0.2682094328536748,0.34
A,Venstresida,2025,Utdanning,-0.24261508108770286,-0.24622738219344623,-0.01
FRP,Høyresida,2015,Utdanning,-0.11110661548190359,-0.17922526103700562,-0.61
FRP,Høyresida,2019,Utdanning,-0.07181904484709878,-0.1704881367286519,-1.37
FRP,Høyresida,2021,Utdanning,-0.07091766156980377,-0.21095683595561657,-1.97
FRP,Høyresida,2023,Utdanning,-0.07356516872904725,-0.19033927391471178,-1.59
FRP,Høyresida,2025,Utdanning,-0.010148625060802214,-0.1542458033393782,-14.2
H,Høyresida,2015,Utdanning,0.6276755031807038,-0.08489513641795375,1.14
H,Høyresida,2019,Utdanning,0.5476163859968723,-0.09868586492128793,1.18
H,Høyresida,2021,Utdanning,0.46275465476441446,-0.0894191077072869,1.19
H,Høyresida,2023,Utdanning,0.4525540127388533,-0.13793843489424976,1.3
H,Høyresida,2025,Utdanning,0.43053045677277013,-0.03008646853396772,1.07
KRF,Høyresida,2015,Utdanning,0.005046683059209513,-0.012105716929086815,3.4
KRF,Høyresida,2019,Utdanning,-0.010036903233118786,-0.03020632293217116,-2.01
KRF,Høyresida,2021,Utdanning,-0.015317006785424945,-0.028408691107332896,-0.85
KRF,Høyresida,2023,Utdanning,-0.022029718688586563,-0.03752913718366558,-0.7
KRF,Høyresida,2025,Utdanning,-0.007183558673232298,-0.03139879008716057,-3.37
MDG,Venstresida,2015,Utdanning,0.1404738632361683,0.2793405509234355,-0.99
MDG,Venstresida,2019,Utdanning,0.3165564707326358,0.5520985274562558,-0.74
MDG,Venstresida,2021,Utdanning,0.15012536941978913,0.24138478624498638,-0.61
MDG,Venstresida,2023,Utdanning,0.1837855213434627,0.35876946836508133,-0.95
MDG,Venstresida,2025,Utdanning,0.2041553035798827,0.2810248118574088,-0.38
RØDT,Venstresida,2015,Utdanning,0.008367276364089177,0.16474472405219703,-18.69
RØDT,Venstresida,2019,Utdanning,-0.065868701285254,0.0955991220425977,2.45
RØDT,Venstresida,2021,Utdanning,-0.10666381961351935,0.12025624006316242,2.13
RØDT,Venstresida,2023,Utdanning,-0.090743537889065,0.06484302554294581,1.71
RØDT,Venstresida,2025,Utdanning,-0.1382865481190606,0.07341479443196253,1.53
SP,Venstresida,2015,Utdanning,-0.008253843874786141,5.857141450313811e-4,1.07
SP,Venstresida,2019,Utdanning,-0.02211583755958829,-0.024166010761350436,-0.09
SP,Venstresida,2021,Utdanning,-0.092045386015434,-0.09380985260374186,-0.02
SP,Venstresida,2023,Utdanning,-0.038268084001433555,-0.01975942887944824,0.48
SP,Venstresida,2025,Utdanning,-0.014121640125300514,-0.01436794402898352,-0.02
SV,Venstresida,2015,Utdanning,0.02820242228600468,0.15107813632169115,-4.36
SV,Venstresida,2019,Utdanning,0.014203313869105942,0.165517680068006,-10.65
SV,Venstresida,2021,Utdanning,-0.09916633979101758,0.18682316446949768,2.88
SV,Venstresida,2023,Utdanning,-0.05710347742727064,0.12624046452481974,3.21
SV,Venstresida,2025,Utdanning,-0.41384428941334006,-0.03590360040073191,0.91
V,Høyresida,2015,Utdanning,0.2029469753943444,0.23066091954622125,-0.14
V,Høyresida,2019,Utdanning,0.17861238460526233,0.17214070174589982,0.04
V,Høyresida,2021,Utdanning,0.3116659852622308,0.31822067899905365,-0.02
V,Høyresida,2023,Utdanning,0.2768218084547904,0.27850686646719675,-0.01
V,Høyresida,2025,Utdanning,0.24823540565895896,0.20021458118606625,0.19
